season_label,gameweek,web_name,initial_price,predicted_points,points_p10,points_p90,total_points,forecast_eo,realized_eo,nonowner_expected_drag,nonowner_realized_rank_points,owner_realized_rank_points,value_above_replacement_per_m,fair_price,valuation_edge
2023/24,1,Haaland,14.0,3.0426524763656753,-0.2704930196041935,8.49970891898284,13,0.0,1.88,-0.0,-24.439999999999998,-11.439999999999998,6.0853049527313505,,
2023/24,2,Haaland,14.0,6.242416164085557,2.9292706681156884,11.699472606702724,2,1.88,1.67,-11.735742388480846,-3.34,-1.3399999999999999,0.3840486234049959,13.944703502590993,-0.023235915517537897
2023/24,3,Haaland,14.0,6.008103427118506,2.6949579311486374,11.465159869735672,4,1.67,1.96,-10.033532723287905,-7.84,-3.84,0.3738963299003295,13.740682801913284,-0.10907871140748071
2023/24,4,Haaland,14.0,6.0087287648733705,2.6955832689035018,11.465785207490537,20,1.96,2.02,-11.777108379151805,-40.4,-20.4,0.37002522027316787,13.84640623136269,-0.06364757051624981
2023/24,5,Haaland,14.0,6.840708342935829,3.5275628469659606,12.297764785552996,6,2.02,1.76,-13.818230852730375,-10.56,-4.5600000000000005,0.4606339142921871,14.043621165184998,0.02197128815217919
2023/24,6,Haaland,14.0,6.503008124881207,3.1898626289113383,11.960064567498373,6,1.76,2.01,-11.445294299790925,-12.059999999999999,-6.059999999999999,0.42314011521905126,14.369852337050446,0.16971828356297358
2023/24,7,Haaland,14.0,6.424658743087382,3.111513247117513,11.881715185704547,2,2.01,1.82,-12.913564073605636,-3.64,-1.6400000000000001,0.4090817406209203,13.767985476879527,-0.11012697017688122
2023/24,8,Haaland,14.0,6.115069162508145,2.801923666538276,11.572125605125311,2,1.82,0.9,-11.129425875764824,-1.8,0.19999999999999996,0.3733015801128614,14.817767993154966,0.3032840076006975
2023/24,9,Haaland,14.0,6.088303786480466,2.7751582905105976,11.545360229097632,8,0.9,1.59,-5.47947340783242,-12.72,-4.720000000000001,0.3605440111271908,13.812536986608116,-0.07889808876737536
2023/24,10,Haaland,14.0,6.223675489851972,2.9105299938821036,11.680731932469138,16,1.59,0.91,-9.895644028864636,-14.56,1.4399999999999995,0.3637582402718647,14.039184703352783,0.016056063793867814
2023/24,11,Haaland,14.0,6.398284531503443,3.0851390355335746,11.855340974120608,1,0.91,1.66,-5.822438923668134,-1.66,-0.6599999999999999,0.4354167528390354,13.732988834456144,-0.12949251038456477
2023/24,12,Haaland,14.0,5.334658409747384,2.021512913777515,10.79171485236455,16,1.66,0.96,-8.855532960180657,-15.36,0.6400000000000006,0.28138607282087913,12.83117837546877,-0.43395339524014087
2023/24,13,Haaland,14.0,6.348011064163554,3.0348655681936854,11.80506750678072,7,0.96,1.37,-6.094090621597012,-9.59,-2.5900000000000007,0.3852276347164273,14.28672480232971,0.12302562248157223
2023/24,14,Haaland,14.0,6.156657367846177,2.843511871876308,11.613713810463342,7,1.37,1.41,-8.434620593949262,-9.87,-2.869999999999999,0.3649351746225339,14.277357578605738,0.11178967321117828
2023/24,15,Haaland,14.0,6.377811828221246,3.064666332251377,11.834868270838411,2,1.41,0.89,-8.992714677791955,-1.78,0.21999999999999997,0.3904839869264232,13.780998081496634,-0.09784320809692826
2023/24,16,Haaland,14.0,6.176632198687715,2.863486702717846,11.63368864130488,0,0.89,0.01,-5.497202656832067,-0.0,0.0,0.3907103140464071,14.212898870029933,0.08864848849748341
2023/24,17,Haaland,14.0,4.661669752901361,1.348524256931492,10.118726195518526,0,0.01,0.0,-0.04661669752901361,-0.0,0.0,0.2188295045991251,13.657331081818306,-0.08291475918035207
2023/24,18,Haaland,14.0,4.330282967298485,1.0171374713286165,9.787339409915651,0,0.0,0.0,-0.0,-0.0,0.0,0.43302829672984855,,
2023/24,19,Haaland,14.0,3.5722595893921363,0.25911409342226754,9.029316032009302,0,0.0,0.0,-0.0,-0.0,0.0,0.3572259589392136,,
2023/24,20,Haaland,14.0,3.3510499742312687,0.037904478261399976,8.808106416848435,0,0.0,0.0,-0.0,-0.0,0.0,0.3351049974231269,,
2023/24,21,Haaland,14.0,3.0450769861141733,-0.2680685098556954,8.502133428731339,0,0.0,0.0,-0.0,-0.0,0.0,0.30450769861141735,,
2023/24,22,Haaland,14.0,2.7330463431156984,-0.5800991528541704,8.190102785732865,1,0.0,0.06,-0.0,-0.06,0.94,0.2876890887490209,,
2023/24,23,Haaland,14.0,3.3292464841746794,0.01610098820481065,8.786302926791844,5,0.06,1.14,-0.19975478905048075,-5.699999999999999,-0.6999999999999995,0.33292464841746794,,
2023/24,24,Haaland,14.0,4.483441826682011,1.1702963307121421,9.940498269299177,13,1.14,1.95,-5.111123682417492,-25.349999999999998,-12.35,0.4719412449138959,,
2023/24,25,Haaland,14.0,5.461345763926526,2.1482002679566574,10.918402206543693,10,1.95,2.93,-10.649624239656726,-29.3,-19.3,0.2802864799215352,13.539813120792633,-0.15758994071396426
2023/24,26,Haaland,14.0,7.032247991363766,3.7191024953938974,12.489304433980932,5,2.93,1.9,-20.604486614695837,-9.5,-4.5,0.43953758058097225,15.274074454996327,0.5286732684009356
2023/24,27,Haaland,14.0,6.061767832338192,2.748622336368323,11.518824274955357,6,1.9,1.93,-11.517358881442563,-11.58,-5.58,0.3632741559171263,14.63498620599373,0.2442611793463927
2023/24,28,Haaland,14.0,6.3657568108626155,3.0526113148927467,11.822813253479781,2,1.93,0.69,-12.285910644964847,-1.38,0.6200000000000001,0.3799087686739419,14.07753589850013,0.032940411732282016
2023/24,29,Haaland,14.0,5.933263677465186,2.6201181814953176,11.390320120082352,0,0.69,0.07,-4.093951937450978,-0.0,0.0,0.2980180581766544,15.028075069210638,0.28431474911992716
2023/24,30,Haaland,14.0,4.734060854941906,1.4209153589720374,10.191117297559071,2,0.07,0.68,-0.33138425984593345,-1.36,0.6399999999999999,0.25517455201686556,14.345426745893562,0.0815328042009611
2023/24,31,Haaland,14.0,5.348551774887892,2.0354062789180234,10.805608217505057,0,0.68,0.05,-3.637015206923767,-0.0,0.0,0.25468906178281403,13.86401723125206,-0.04103606175103813
2023/24,32,Haaland,14.0,3.87172913287444,0.5585836369045714,9.328785575491606,8,0.05,1.09,-0.193586456643722,-8.72,-0.7200000000000006,0.387172913287444,,
2023/24,33,Haaland,14.0,5.266566428580326,1.9534209326104572,10.723622871197492,10,1.09,1.79,-5.740557407152556,-17.9,-7.9,0.2666836130863599,13.779787942885266,-0.0678716027693822
2023/24,34,Haaland,14.0,5.33055398022967,2.0174084842598012,10.787610422846836,0,1.79,0.05,-9.54169162461111,-0.0,0.0,0.24659760074162818,14.0997268412144,0.02886130335698489
2023/24,35,Haaland,14.0,4.316419084782813,1.0032735888129447,9.77347552739998,5,0.05,0.8,-0.2158209542391407,-4.0,0.9999999999999998,0.14337136511395956,12.614106166264119,-0.22478729788552965
2023/24,36,Haaland,14.0,4.6835178178250345,1.3703723218551658,10.1405742604422,21,0.8,1.97,-3.746814254260028,-41.37,-20.37,0.4683517817825035,,
2023/24,37,Haaland,14.0,6.106105254861306,2.792959758891437,11.56316169747847,15,1.97,2.01,-12.029027352076772,-30.15,-15.149999999999997,0.6106105254861306,,
2023/24,38,Haaland,14.0,7.560529631114009,4.24738413514414,13.017586073731174,2,2.01,1.87,-15.196664558539156,-3.74,-1.7400000000000002,0.4779812881560782,13.999402744092572,-0.000317225011809974
2024/25,1,Haaland,15.0,3.376969507751388,0.15694920813434532,8.557524406630005,7,0.0,0.76,-0.0,-5.32,1.68,6.753939015502776,,
2024/25,2,Haaland,15.0,6.310853164816513,3.0908328651994705,11.49140806369513,17,0.76,1.51,-4.79624840526055,-25.67,-8.67,0.3843982777286344,15.864719488902642,0.2985084438248373
2024/25,3,Haaland,15.0,7.528759060195922,4.30873876057888,12.709313959074539,17,1.51,1.27,-11.368426180895842,-21.59,-4.59,0.5139478507609685,16.426023515399805,0.6473422987915773
2024/25,4,Haaland,15.0,7.717015508360798,4.496995208743755,12.897570407239416,13,1.27,1.32,-9.800609695618213,-17.16,-4.160000000000001,0.5018391298992289,15.773705994701409,0.3742253260665249
2024/25,5,Haaland,15.0,7.694512582906181,4.474492283289138,12.875067481784798,9,1.32,0.75,-10.156756609436158,-6.75,2.25,0.5268795945980033,15.196983408625204,0.1039607885934366
2024/25,6,Haaland,15.0,7.426509614658922,4.20648931504188,12.60706451353754,2,0.75,0.97,-5.569882210994192,-1.94,0.06000000000000005,0.4709586315165753,15.108376297621245,0.05505811822778561
2024/25,7,Haaland,15.0,7.000638006717944,3.7806177071009013,12.18119290559656,2,0.97,1.23,-6.790618866516406,-2.46,-0.45999999999999996,0.4172085903598262,15.722230606516387,0.29784299000432846
2024/25,8,Haaland,15.0,6.795118422879081,3.575098123262038,11.975673321757698,2,1.23,1.41,-8.357995660141269,-2.82,-0.8199999999999998,0.3728397976157393,15.075415311793558,0.030453712519278753
2024/25,9,Haaland,15.0,6.41804632646918,3.1980260268521374,11.598601225347798,6,1.41,1.47,-9.049445320321544,-8.82,-2.82,0.3257264085707541,15.579267517255436,0.2002554533258083
2024/25,10,Haaland,15.0,6.253048222714444,3.0330279230974013,11.433603121593062,2,1.47,0.6,-9.191980887390232,-1.2,0.8,0.3102423494691736,15.698115414671198,0.22959503186289165
2024/25,11,Haaland,15.0,5.937382602788138,2.7173623031710954,11.117937501666756,5,0.6,0.41,-3.5624295616728827,-2.05,2.95,0.3009849998548736,14.566452170500362,-0.14269855261666287
2024/25,12,Haaland,15.0,5.895451895476273,2.6754315958592305,11.07600679435489,2,0.41,0.21,-2.4171352771452717,-0.42,1.58,0.29078439600589107,14.837944903656009,-0.05101007987469419
2024/25,13,Haaland,15.0,5.795873136281551,2.575852836664508,10.976428035160168,2,0.21,0.02,-1.2171333586191255,-0.04,1.96,0.2908031796457427,14.717757827171832,-0.08875839659085027
2024/25,14,Haaland,15.0,5.796001019487441,2.575980719870399,10.97655591836606,5,0.02,0.01,-0.11592002038974883,-0.05,4.95,0.29752678620925144,15.781807280073595,0.22057747591002386
2024/25,15,Haaland,15.0,5.889549251224283,2.6695289516072402,11.0701041501029,7,0.01,0.02,-0.05889549251224283,-0.14,6.859999999999999,0.3007553659087553,14.226490821166772,-0.28552659253384327
2024/25,16,Haaland,15.0,6.025236634275203,2.80521633465816,11.205791533153821,2,0.02,0.0,-0.12050473268550406,-0.0,2.0,0.305249800920778,15.270687502121111,0.09015821598026363
2024/25,17,Haaland,15.0,5.9604216569570685,2.740401357340026,11.140976555835685,2,0.0,0.0,-0.0,-0.0,2.0,0.31010363505258953,14.258073359105015,-0.27437141762754
2024/25,18,Haaland,15.0,5.861217639617143,2.6411973400001005,11.04177253849576,0,0.0,0.0,-0.0,-0.0,0.0,0.3010452256167163,14.171749738506236,-0.3007924588043469
2024/25,19,Haaland,15.0,5.713785329225564,2.493765029608521,10.89434022810418,8,0.0,0.01,-0.0,-0.08,7.92,0.3232860608395053,13.54017233455179,-0.5535870709035837
2024/25,20,Haaland,15.0,6.052545159470703,2.83252485985366,11.23310005834932,13,0.01,0.01,-0.06052545159470703,-0.13,12.87,0.3221005445701701,14.261032258910024,-0.2863931777545101
2024/25,21,Haaland,15.0,6.426257809565486,3.2062375099484437,11.606812708444103,2,0.01,0.02,-0.06426257809565486,-0.04,1.96,0.340366237434412,14.335238690355713,-0.26833413002324136
2024/25,22,Haaland,15.0,6.3138510830903565,3.093830783473314,11.494405981968974,6,0.02,0.01,-0.12627702166180713,-0.06,5.9399999999999995,0.35128130785923983,14.54757393217136,-0.17321091044482095
2024/25,23,Haaland,15.0,6.021455727368826,2.8014354277517834,11.202010626247443,12,0.01,0.0,-0.06021455727368826,-0.0,12.0,0.3027535196589083,14.780081677519014,-0.0719882050800491
2024/25,24,Haaland,15.0,6.559661884695971,3.3396415850789283,11.740216783574589,6,0.0,0.0,-0.0,-0.0,6.0,0.37981313078685736,14.500438198174773,-0.21117893079969008
2024/25,25,Haaland,15.0,6.583410750947981,3.3633904513309383,11.763965649826599,5,0.0,0.0,-0.0,-0.0,5.0,0.3537072921136302,15.843512498626298,0.28393942072189393
2024/25,26,Haaland,15.0,6.536147348048507,3.3161270484314644,11.716702246927124,0,0.0,0.0,-0.0,-0.0,0.0,0.3430976997070595,14.685068601758172,-0.11967427447197565
2024/25,27,Haaland,15.0,4.9160146380343015,1.6959943384172589,10.09656953691292,8,0.0,0.0,-0.0,-0.0,8.0,0.19406142899794213,13.055549817721317,-0.4539843169570492
2024/25,28,Haaland,15.0,6.0060793898692975,2.786059090252255,11.186634288747914,2,0.0,0.009993337774816789,-0.0,-0.019986675549633577,1.9800133244503664,0.2835444276039643,15.003703020439014,0.0011511806996917784
2024/25,29,Haaland,15.0,5.874721583475096,2.6547012838580533,11.055276482353714,7,0.009993337774816789,1.08,-0.058708077116673175,-7.5600000000000005,-0.5600000000000005,0.2959739133325839,15.738927002955519,0.22023792376204465
2024/25,30,Haaland,15.0,6.148077802233749,2.928057502616706,11.328632701112365,0,1.08,0.0,-6.639924026412449,-0.0,0.0,0.3326021888828733,16.485406732370894,0.45227332136899623
2024/25,31,Haaland,15.0,4.667015815595538,1.4469955159784953,9.847570714474156,0,0.0,0.0,-0.0,-0.0,0.0,0.18982732951008416,14.846853257853514,-0.029945965008840503
2024/25,32,Haaland,15.0,4.243894069918882,1.0238737703018397,9.424448968797499,0,0.0,0.0,-0.0,-0.0,0.0,0.40418038761132213,,
2024/25,33,Haaland,15.0,3.8897722373382813,0.6697519377212386,9.0703271362169,0,0.0,0.0,-0.0,-0.0,0.0,0.370454498794122,,
2024/25,34,Haaland,15.0,3.62297782534831,0.4029575257312672,8.803532724226928,0,0.0,0.0,-0.0,-0.0,0.0,0.3450455071760295,,
2024/25,35,Haaland,15.0,3.5144739562890606,0.29445365667201795,8.695028855167678,0,0.0,0.0,-0.0,-0.0,0.0,0.35144739562890603,,
2024/25,36,Haaland,15.0,3.159536653453974,-0.06048364616306845,8.340091552332591,2,0.0,0.12965425531914893,-0.0,-0.25930851063829785,1.7406914893617023,0.3009082527099023,,
2024/25,37,Haaland,15.0,4.504290097260761,1.2842697976437187,9.684844996139379,2,0.12965425531914893,0.06981382978723405,-0.5840003783017609,-0.1396276595744681,1.860372340425532,0.4289800092629297,,
2024/25,38,Haaland,15.0,4.800192546956989,1.5801722473399464,9.980747445835608,6,0.06981382978723405,0.0499001996007984,-0.3351198254192047,-0.29940119760479045,5.700598802395209,0.17326664112009466,15.54336735960536,0.0986958040077317
2025/26,1,Haaland,14.0,3.1194975208127893,-0.08885293403760253,8.599793709729205,13,0.0,0.92,-0.0,-11.96,1.0399999999999996,6.238995041625579,,
2025/26,2,Haaland,14.0,6.956489583239777,3.748139128389385,12.436785772156194,2,0.92,0.97,-6.399970416580595,-1.94,0.06000000000000005,0.4342900457461236,15.13996595644618,0.4988672756195678
2025/26,3,Haaland,14.0,6.379765723798148,3.1714152689477566,11.860061912714565,9,0.97,1.07,-6.188372752084204,-9.63,-0.6300000000000006,0.39191558282455385,13.107535192852716,-0.44508402712414163
2025/26,4,Haaland,14.0,6.548515219168022,3.3401647643176298,12.028811408084438,13,1.07,1.13,-7.006911284509783,-14.689999999999998,-1.6899999999999986,0.40985156479411206,13.798533988210188,-0.0947773252934514
2025/26,5,Haaland,14.0,6.7659610711808975,3.5576106163305057,12.246257260097314,9,1.13,0.88,-7.645536010434413,-7.92,1.08,0.4284277346893475,14.270705738667884,0.12733665844885333
2025/26,6,Haaland,14.0,6.597502371121512,3.38915191627112,12.077798560037929,16,0.88,2.6,-5.80580208658693,-41.6,-25.6,0.40417500523844224,14.524359439266183,0.22538392271996432
2025/26,7,Haaland,14.0,7.127967358622215,3.9196169037718236,12.608263547538632,8,2.6,1.92,-18.53271513241776,-15.36,-7.359999999999999,0.44140802119801437,14.5319916689873,0.26706869932183785
2025/26,8,Haaland,14.0,6.8262204956839065,3.6178700408335147,12.306516684600323,13,1.92,1.99,-13.1063433517131,-25.87,-12.87,0.4421582021348293,15.176372458726778,0.5223718229513228
2025/26,9,Haaland,14.0,7.1781371777168514,3.9697867228664596,12.658433366633268,2,1.99,1.89,-14.284492983656534,-3.78,-1.7799999999999998,0.49858765752744566,15.510181156385212,0.7234383935883786
2025/26,10,Haaland,14.0,6.708915369017505,3.500564914167113,12.189211557933922,13,1.89,1.97,-12.679850047443082,-25.61,-12.61,0.38322242066342327,15.985655801574246,0.7492527343327948
2025/26,11,Haaland,14.0,6.8609439474282246,3.6525934925778327,12.341240136344641,4,1.97,1.84,-13.516059576433602,-7.36,-3.3600000000000003,0.40583711050435517,15.103433595023475,0.4837470202864331
2025/26,12,Haaland,14.0,6.604261285141583,3.3959108302911916,12.084557474058,2,1.84,1.69,-12.151840764660514,-3.38,-1.38,0.41415407800337717,15.241712852512366,0.5232496009756362
2025/26,13,Haaland,14.0,6.2626827517813295,3.0543322969309377,11.742978940697746,2,1.69,2.09,-10.583933850510446,-4.18,-2.1799999999999997,0.3465069886370419,15.478373565389836,0.528748235361836
2025/26,14,Haaland,14.0,6.025789489839721,2.8174390349893295,11.506085678756138,14,2.09,1.72,-12.593900033765017,-24.08,-10.08,0.3453177687343894,15.18823289830385,0.399842301324683
2025/26,15,Haaland,14.0,6.409816978109755,3.2014665232593633,11.890113167026172,2,1.72,1.99,-11.024885202348779,-3.98,-1.98,0.3808908163635798,14.977217414416629,0.39983658751086626
2025/26,16,Haaland,14.0,5.910389727199873,2.7020392723494813,11.39068591611629,13,1.99,1.31,-11.761675557127747,-17.03,-4.030000000000001,0.36373166898657044,14.767709933369089,0.2861729782265634
2025/26,17,Haaland,14.0,6.473792187742123,3.265441732891731,11.95408837665854,16,1.31,2.18,-8.480667765942181,-34.88,-18.880000000000003,0.39075162576701716,14.038812725250283,0.017439476751397898
2025/26,18,Haaland,14.0,6.847059982870888,3.6387095280204957,12.327356171787304,2,2.18,1.77,-14.926590762658536,-3.54,-1.54,0.4527706857456506,14.61976131083397,0.2852192445749884
2025/26,19,Haaland,14.0,6.640754583040386,3.432404128189994,12.121050771956803,2,1.77,1.74,-11.754135611981484,-3.48,-1.48,0.4363981846979565,14.594966266058375,0.2645949210695102
2025/26,20,Haaland,14.0,6.497685374917457,3.289334920067065,11.977981563833874,2,1.74,1.96,-11.305972552356375,-3.92,-1.92,0.38396864975237166,14.188618604125674,0.08596005342282442
2025/26,21,Haaland,14.0,6.045129722932455,2.8367792680820636,11.525425911848872,6,1.96,1.96,-11.848454256947612,-11.76,-5.76,0.3100833771537084,15.271764641586422,0.4200327540360851
2025/26,22,Haaland,14.0,6.27741298684123,3.0690625319908382,11.757709175757647,2,1.96,1.81,-12.30372945420881,-3.62,-1.62,0.34677753387395777,15.008292808995751,0.37047549911180777
2025/26,23,Haaland,14.0,5.808173799046018,2.599823344195626,11.288469987962435,1,1.81,1.41,-10.512794576273292,-1.41,-0.4099999999999999,0.3080354545979317,15.091484466099036,0.32746953301629667
2025/26,24,Haaland,14.0,4.584007760233116,1.3756573053827243,10.064303949149533,5,1.41,1.19,-6.463450941928693,-5.949999999999999,-0.9499999999999997,0.2048032262476228,12.61217019051784,-0.33425880130573304
2025/26,25,Haaland,14.0,5.4140004506189685,2.2056499957685767,10.894296639535385,11,1.19,1.01,-6.4426605362365725,-11.11,-0.1100000000000001,0.28136473271253903,14.482199647989187,0.14128370424870962
2025/26,26,Haaland,14.0,5.93203800038683,2.7236875455364378,11.412334189303246,5,1.01,0.97,-5.991358380390698,-4.85,0.15000000000000013,0.31190700404800664,14.439147808460998,0.15593652887670562
2025/26,27,Haaland,14.0,5.519382487800169,2.3110320329497775,10.999678676716586,6,0.97,1.56,-5.353801013166164,-9.36,-3.3600000000000003,0.28061342192251504,13.229997852951541,-0.2555475146814876
2025/26,28,Haaland,14.0,5.973196357842617,2.7648459029922248,11.453492546759033,0,1.56,0.02,-9.318186318234483,-0.0,0.0,0.31702276548879993,13.3962091650653,-0.23554268028469938
2025/26,29,Haaland,14.0,4.545187340898564,1.336836886048172,10.02548352981498,2,0.02,1.21,-0.09090374681797128,-2.42,-0.41999999999999993,0.1877648818208379,11.036630665855917,-0.9027460645295973
2025/26,30,Haaland,14.0,5.491783879020585,2.2834334241701932,10.972080067937002,2,1.21,0.88,-6.645058493614908,-1.76,0.24,0.29896317863495875,12.503684923321027,-0.6052314690807163
2025/26,31,Haaland,14.0,5.384285979501841,2.175935524651449,10.864582168418258,0,0.88,0.02,-4.73817166196162,-0.0,0.0,0.2651844878437498,13.249475242537997,-0.2632578386390838
2025/26,32,Haaland,14.0,4.100575826169023,0.8922253713186312,9.58087201508544,2,0.02,0.9,-0.08201151652338046,-1.8,0.19999999999999996,0.17399920787715525,10.95594155633101,-0.754809132552043
2025/26,33,Haaland,14.0,4.9801839146453615,1.7718334597949696,10.460480103561778,13,0.9,1.94,-4.482165523180825,-25.22,-12.219999999999999,0.2376467533946193,12.523448210655065,-0.4509958329225183
2025/26,34,Haaland,14.0,6.6435494625222935,3.4351990076719017,12.12384565143871,0,1.94,0.0,-12.888485957293248,-0.0,0.0,0.380770288051795,15.229031489073488,0.4431508212220079
2025/26,35,Haaland,14.0,4.692273663092085,1.4839232082416935,10.172569852008502,7,0.0,1.77,-0.0,-12.39,-5.390000000000001,0.2522576078904286,12.713211246577325,-0.39734923903892394
2025/26,36,Haaland,14.0,5.858178235308823,2.649827780458431,11.33847442422524,11,1.77,2.38,-10.368975476496617,-26.18,-15.18,0.32124617679687856,16.539917129107852,0.7188632127802057
2025/26,37,Haaland,14.0,5.912135022137373,2.703784567286981,11.39243121105379,9,2.38,1.12,-14.070881352686946,-10.080000000000002,-1.080000000000001,0.3324356709437165,13.427502700016678,-0.23309506383314815
2025/26,38,Haaland,14.0,6.470197805358413,3.2618473505080208,11.95049399427483,0,1.12,0.14,-7.246621542001423,-0.0,0.0,0.37587845557572386,14.982922990753483,0.3836050380328553
